-- phpMyAdmin SQL Dump
-- version 5.1.0
-- https://www.phpmyadmin.net/
--
-- Servidor: 127.0.0.1
-- Tiempo de generación: 16-03-2021 a las 12:35:15
-- Versión del servidor: 10.4.18-MariaDB
-- Versión de PHP: 7.3.27

SET SQL_MODE = "NO_AUTO_VALUE_ON_ZERO";
START TRANSACTION;
SET time_zone = "+00:00";


/*!40101 SET @OLD_CHARACTER_SET_CLIENT=@@CHARACTER_SET_CLIENT */;
/*!40101 SET @OLD_CHARACTER_SET_RESULTS=@@CHARACTER_SET_RESULTS */;
/*!40101 SET @OLD_COLLATION_CONNECTION=@@COLLATION_CONNECTION */;
/*!40101 SET NAMES utf8mb4 */;

--
-- Base de datos: `api_voters`
--
CREATE DATABASE IF NOT EXISTS `api_voters` DEFAULT CHARACTER SET utf8mb4 COLLATE utf8mb4_general_ci;
USE `api_voters`;

-- --------------------------------------------------------

--
-- Estructura de tabla para la tabla `citys`
--

CREATE TABLE `citys` (
  `id_city` int(11) NOT NULL,
  `country` varchar(3) NOT NULL,
  `id_department` int(11) NOT NULL,
  `city` varchar(50) NOT NULL
) ENGINE=InnoDB DEFAULT CHARSET=utf8mb4;

--
-- Volcado de datos para la tabla `citys`
--

INSERT INTO `citys` (`id_city`, `country`, `id_department`, `city`) VALUES
(5001, 'CO', 5, 'MEDELLÍN'),
(5002, 'CO', 5, 'ABEJORRAL'),
(5004, 'CO', 5, 'ABRIAQUÍ'),
(5021, 'CO', 5, 'ALEJANDRÍA'),
(5030, 'CO', 5, 'AMAGÁ'),
(5031, 'CO', 5, 'AMALFI'),
(5034, 'CO', 5, 'ANDES'),
(5036, 'CO', 5, 'ANGELÓPOLIS'),
(5038, 'CO', 5, 'ANGOSTURA'),
(5040, 'CO', 5, 'ANORÍ'),
(5042, 'CO', 5, 'SANTAFÉ DE ANTIOQUIA'),
(5044, 'CO', 5, 'ANZA'),
(5045, 'CO', 5, 'APARTADÓ'),
(5051, 'CO', 5, 'ARBOLETES'),
(5055, 'CO', 5, 'ARGELIA'),
(5059, 'CO', 5, 'ARMENIA'),
(5079, 'CO', 5, 'BARBOSA'),
(5086, 'CO', 5, 'BELMIRA'),
(5088, 'CO', 5, 'BELLO'),
(5091, 'CO', 5, 'BETANIA'),
(5093, 'CO', 5, 'BETULIA'),
(5101, 'CO', 5, 'CIUDAD BOLÍVAR'),
(5107, 'CO', 5, 'BRICEÑO'),
(5113, 'CO', 5, 'BURITICÁ'),
(5120, 'CO', 5, 'CÁCERES'),
(5125, 'CO', 5, 'CAICEDO'),
(5129, 'CO', 5, 'CALDAS'),
(5134, 'CO', 5, 'CAMPAMENTO'),
(5138, 'CO', 5, 'CAÑASGORDAS'),
(5142, 'CO', 5, 'CARACOLÍ'),
(5145, 'CO', 5, 'CARAMANTA'),
(5147, 'CO', 5, 'CAREPA'),
(5148, 'CO', 5, 'EL CARMEN DE VIBORAL'),
(5150, 'CO', 5, 'CAROLINA'),
(5154, 'CO', 5, 'CAUCASIA'),
(5172, 'CO', 5, 'CHIGORODÓ'),
(5190, 'CO', 5, 'CISNEROS'),
(5197, 'CO', 5, 'COCORNÁ'),
(5206, 'CO', 5, 'CONCEPCIÓN'),
(5209, 'CO', 5, 'CONCORDIA'),
(5212, 'CO', 5, 'COPACABANA'),
(5234, 'CO', 5, 'DABEIBA'),
(5237, 'CO', 5, 'DONMATÍAS'),
(5240, 'CO', 5, 'EBÉJICO'),
(5250, 'CO', 5, 'EL BAGRE'),
(5264, 'CO', 5, 'ENTRERRIOS'),
(5266, 'CO', 5, 'ENVIGADO'),
(5282, 'CO', 5, 'FREDONIA'),
(5284, 'CO', 5, 'FRONTINO'),
(5306, 'CO', 5, 'GIRALDO'),
(5308, 'CO', 5, 'GIRARDOTA'),
(5310, 'CO', 5, 'GÓMEZ PLATA'),
(5313, 'CO', 5, 'GRANADA'),
(5315, 'CO', 5, 'GUADALUPE'),
(5318, 'CO', 5, 'GUARNE'),
(5321, 'CO', 5, 'GUATAPE'),
(5347, 'CO', 5, 'HELICONIA'),
(5353, 'CO', 5, 'HISPANIA'),
(5360, 'CO', 5, 'ITAGUI'),
(5361, 'CO', 5, 'ITUANGO'),
(5364, 'CO', 5, 'JARDÍN'),
(5368, 'CO', 5, 'JERICÓ'),
(5376, 'CO', 5, 'LA CEJA'),
(5380, 'CO', 5, 'LA ESTRELLA'),
(5390, 'CO', 5, 'LA PINTADA'),
(5400, 'CO', 5, 'LA UNIÓN'),
(5411, 'CO', 5, 'LIBORINA'),
(5425, 'CO', 5, 'MACEO'),
(5440, 'CO', 5, 'MARINILLA'),
(5467, 'CO', 5, 'MONTEBELLO'),
(5475, 'CO', 5, 'MURINDÓ'),
(5480, 'CO', 5, 'MUTATÁ'),
(5483, 'CO', 5, 'NARIÑO'),
(5490, 'CO', 5, 'NECOCLÍ'),
(5495, 'CO', 5, 'NECHÍ'),
(5501, 'CO', 5, 'OLAYA'),
(5541, 'CO', 5, 'PEÑOL'),
(5543, 'CO', 5, 'PEQUE'),
(5576, 'CO', 5, 'PUEBLORRICO'),
(5579, 'CO', 5, 'PUERTO BERRÍO'),
(5585, 'CO', 5, 'PUERTO NARE'),
(5591, 'CO', 5, 'PUERTO TRIUNFO'),
(5604, 'CO', 5, 'REMEDIOS'),
(5607, 'CO', 5, 'RETIRO'),
(5615, 'CO', 5, 'RIONEGRO'),
(5628, 'CO', 5, 'SABANALARGA'),
(5631, 'CO', 5, 'SABANETA'),
(5642, 'CO', 5, 'SALGAR'),
(5647, 'CO', 5, 'SAN ANDRÉS DE CUERQUÍA'),
(5649, 'CO', 5, 'SAN CARLOS'),
(5652, 'CO', 5, 'SAN FRANCISCO'),
(5656, 'CO', 5, 'SAN JERÓNIMO'),
(5658, 'CO', 5, 'SAN JOSÉ DE LA MONTAÑA'),
(5659, 'CO', 5, 'SAN JUAN DE URABÁ'),
(5660, 'CO', 5, 'SAN LUIS'),
(5664, 'CO', 5, 'SAN PEDRO DE LOS MILAGROS'),
(5665, 'CO', 5, 'SAN PEDRO DE URABA'),
(5667, 'CO', 5, 'SAN RAFAEL'),
(5670, 'CO', 5, 'SAN ROQUE'),
(5674, 'CO', 5, 'SAN VICENTE'),
(5679, 'CO', 5, 'SANTA BÁRBARA'),
(5686, 'CO', 5, 'SANTA ROSA DE OSOS'),
(5690, 'CO', 5, 'SANTO DOMINGO'),
(5697, 'CO', 5, 'EL SANTUARIO'),
(5736, 'CO', 5, 'SEGOVIA'),
(5756, 'CO', 5, 'SONSON'),
(5761, 'CO', 5, 'SOPETRÁN'),
(5789, 'CO', 5, 'TÁMESIS'),
(5790, 'CO', 5, 'TARAZÁ'),
(5792, 'CO', 5, 'TARSO'),
(5809, 'CO', 5, 'TITIRIBÍ'),
(5819, 'CO', 5, 'TOLEDO'),
(5837, 'CO', 5, 'TURBO'),
(5842, 'CO', 5, 'URAMITA'),
(5847, 'CO', 5, 'URRAO'),
(5854, 'CO', 5, 'VALDIVIA'),
(5856, 'CO', 5, 'VALPARAÍSO'),
(5858, 'CO', 5, 'VEGACHÍ'),
(5861, 'CO', 5, 'VENECIA'),
(5873, 'CO', 5, 'VIGÍA DEL FUERTE'),
(5885, 'CO', 5, 'YALÍ'),
(5887, 'CO', 5, 'YARUMAL'),
(5890, 'CO', 5, 'YOLOMBÓ'),
(5893, 'CO', 5, 'YONDÓ'),
(5895, 'CO', 5, 'ZARAGOZA'),
(8001, 'CO', 8, 'BARRANQUILLA'),
(8078, 'CO', 8, 'BARANOA'),
(8137, 'CO', 8, 'CAMPO DE LA CRUZ'),
(8141, 'CO', 8, 'CANDELARIA'),
(8296, 'CO', 8, 'GALAPA'),
(8372, 'CO', 8, 'JUAN DE ACOSTA'),
(8421, 'CO', 8, 'LURUACO'),
(8433, 'CO', 8, 'MALAMBO'),
(8436, 'CO', 8, 'MANATÍ'),
(8520, 'CO', 8, 'PALMAR DE VARELA'),
(8549, 'CO', 8, 'PIOJÓ'),
(8558, 'CO', 8, 'POLONUEVO'),
(8560, 'CO', 8, 'PONEDERA'),
(8573, 'CO', 8, 'PUERTO COLOMBIA'),
(8606, 'CO', 8, 'REPELÓN'),
(8634, 'CO', 8, 'SABANAGRANDE'),
(8638, 'CO', 8, 'SABANALARGA'),
(8675, 'CO', 8, 'SANTA LUCÍA'),
(8685, 'CO', 8, 'SANTO TOMÁS'),
(8758, 'CO', 8, 'SOLEDAD'),
(8770, 'CO', 8, 'SUAN'),
(8832, 'CO', 8, 'TUBARÁ'),
(8849, 'CO', 8, 'USIACURÍ'),
(11001, 'CO', 11, 'BOGOTÁ'),
(13001, 'CO', 13, 'CARTAGENA'),
(13006, 'CO', 13, 'ACHÍ'),
(13030, 'CO', 13, 'ALTOS DEL ROSARIO'),
(13042, 'CO', 13, 'ARENAL'),
(13052, 'CO', 13, 'ARJONA'),
(13062, 'CO', 13, 'ARROYOHONDO'),
(13074, 'CO', 13, 'BARRANCO DE LOBA'),
(13140, 'CO', 13, 'CALAMAR'),
(13160, 'CO', 13, 'CANTAGALLO'),
(13188, 'CO', 13, 'CICUCO'),
(13212, 'CO', 13, 'CÓRDOBA'),
(13222, 'CO', 13, 'CLEMENCIA'),
(13244, 'CO', 13, 'EL CARMEN DE BOLÍVAR'),
(13248, 'CO', 13, 'EL GUAMO'),
(13268, 'CO', 13, 'EL PEÑÓN'),
(13300, 'CO', 13, 'HATILLO DE LOBA'),
(13430, 'CO', 13, 'MAGANGUÉ'),
(13433, 'CO', 13, 'MAHATES'),
(13440, 'CO', 13, 'MARGARITA'),
(13442, 'CO', 13, 'MARÍA LA BAJA'),
(13458, 'CO', 13, 'MONTECRISTO'),
(13468, 'CO', 13, 'MOMPÓS'),
(13473, 'CO', 13, 'MORALES'),
(13490, 'CO', 13, 'NOROSÍ'),
(13549, 'CO', 13, 'PINILLOS'),
(13580, 'CO', 13, 'REGIDOR'),
(13600, 'CO', 13, 'RÍO VIEJO'),
(13620, 'CO', 13, 'SAN CRISTÓBAL'),
(13647, 'CO', 13, 'SAN ESTANISLAO'),
(13650, 'CO', 13, 'SAN FERNANDO'),
(13654, 'CO', 13, 'SAN JACINTO'),
(13655, 'CO', 13, 'SAN JACINTO DEL CAUCA'),
(13657, 'CO', 13, 'SAN JUAN NEPOMUCENO'),
(13667, 'CO', 13, 'SAN MARTÍN DE LOBA'),
(13670, 'CO', 13, 'SAN PABLO'),
(13673, 'CO', 13, 'SANTA CATALINA'),
(13683, 'CO', 13, 'SANTA ROSA'),
(13688, 'CO', 13, 'SANTA ROSA DEL SUR'),
(13744, 'CO', 13, 'SIMITÍ'),
(13760, 'CO', 13, 'SOPLAVIENTO'),
(13780, 'CO', 13, 'TALAIGUA NUEVO'),
(13810, 'CO', 13, 'TIQUISIO'),
(13836, 'CO', 13, 'TURBACO'),
(13838, 'CO', 13, 'TURBANÁ'),
(13873, 'CO', 13, 'VILLANUEVA'),
(13894, 'CO', 13, 'ZAMBRANO'),
(15001, 'CO', 15, 'TUNJA'),
(15022, 'CO', 15, 'ALMEIDA'),
(15047, 'CO', 15, 'AQUITANIA'),
(15051, 'CO', 15, 'ARCABUCO'),
(15087, 'CO', 15, 'BELÉN'),
(15090, 'CO', 15, 'BERBEO'),
(15092, 'CO', 15, 'BETÉITIVA'),
(15097, 'CO', 15, 'BOAVITA'),
(15104, 'CO', 15, 'BOYACÁ'),
(15106, 'CO', 15, 'BRICEÑO'),
(15109, 'CO', 15, 'BUENAVISTA'),
(15114, 'CO', 15, 'BUSBANZÁ'),
(15131, 'CO', 15, 'CALDAS'),
(15135, 'CO', 15, 'CAMPOHERMOSO'),
(15162, 'CO', 15, 'CERINZA'),
(15172, 'CO', 15, 'CHINAVITA'),
(15176, 'CO', 15, 'CHIQUINQUIRÁ'),
(15180, 'CO', 15, 'CHISCAS'),
(15183, 'CO', 15, 'CHITA'),
(15185, 'CO', 15, 'CHITARAQUE'),
(15187, 'CO', 15, 'CHIVATÁ'),
(15189, 'CO', 15, 'CIÉNEGA'),
(15204, 'CO', 15, 'CÓMBITA'),
(15212, 'CO', 15, 'COPER'),
(15215, 'CO', 15, 'CORRALES'),
(15218, 'CO', 15, 'COVARACHÍA'),
(15223, 'CO', 15, 'CUBARÁ'),
(15224, 'CO', 15, 'CUCAITA'),
(15226, 'CO', 15, 'CUÍTIVA'),
(15232, 'CO', 15, 'CHÍQUIZA'),
(15236, 'CO', 15, 'CHIVOR'),
(15238, 'CO', 15, 'DUITAMA'),
(15244, 'CO', 15, 'EL COCUY'),
(15248, 'CO', 15, 'EL ESPINO'),
(15272, 'CO', 15, 'FIRAVITOBA'),
(15276, 'CO', 15, 'FLORESTA'),
(15293, 'CO', 15, 'GACHANTIVÁ'),
(15296, 'CO', 15, 'GAMEZA'),
(15299, 'CO', 15, 'GARAGOA'),
(15317, 'CO', 15, 'GUACAMAYAS'),
(15322, 'CO', 15, 'GUATEQUE'),
(15325, 'CO', 15, 'GUAYATÁ'),
(15332, 'CO', 15, 'GÃœICÁN'),
(15362, 'CO', 15, 'IZA'),
(15367, 'CO', 15, 'JENESANO'),
(15368, 'CO', 15, 'JERICÓ'),
(15377, 'CO', 15, 'LABRANZAGRANDE'),
(15380, 'CO', 15, 'LA CAPILLA'),
(15401, 'CO', 15, 'LA VICTORIA'),
(15403, 'CO', 15, 'LA UVITA'),
(15407, 'CO', 15, 'VILLA DE LEYVA'),
(15425, 'CO', 15, 'MACANAL'),
(15442, 'CO', 15, 'MARIPÍ'),
(15455, 'CO', 15, 'MIRAFLORES'),
(15464, 'CO', 15, 'MONGUA'),
(15466, 'CO', 15, 'MONGUÍ'),
(15469, 'CO', 15, 'MONIQUIRÁ'),
(15476, 'CO', 15, 'MOTAVITA'),
(15480, 'CO', 15, 'MUZO'),
(15491, 'CO', 15, 'NOBSA'),
(15494, 'CO', 15, 'NUEVO COLÓN'),
(15500, 'CO', 15, 'OICATÁ'),
(15507, 'CO', 15, 'OTANCHE'),
(15511, 'CO', 15, 'PACHAVITA'),
(15514, 'CO', 15, 'PÁEZ'),
(15516, 'CO', 15, 'PAIPA'),
(15518, 'CO', 15, 'PAJARITO'),
(15522, 'CO', 15, 'PANQUEBA'),
(15531, 'CO', 15, 'PAUNA'),
(15533, 'CO', 15, 'PAYA'),
(15537, 'CO', 15, 'PAZ DE RÍO'),
(15542, 'CO', 15, 'PESCA'),
(15550, 'CO', 15, 'PISBA'),
(15572, 'CO', 15, 'PUERTO BOYACÁ'),
(15580, 'CO', 15, 'QUÍPAMA'),
(15599, 'CO', 15, 'RAMIRIQUÍ'),
(15600, 'CO', 15, 'RÁQUIRA'),
(15621, 'CO', 15, 'RONDÓN'),
(15632, 'CO', 15, 'SABOYÁ'),
(15638, 'CO', 15, 'SÁCHICA'),
(15646, 'CO', 15, 'SAMACÁ'),
(15660, 'CO', 15, 'SAN EDUARDO'),
(15664, 'CO', 15, 'SAN JOSÉ DE PARE'),
(15667, 'CO', 15, 'SAN LUIS DE GACENO'),
(15673, 'CO', 15, 'SAN MATEO'),
(15676, 'CO', 15, 'SAN MIGUEL DE SEMA'),
(15681, 'CO', 15, 'SAN PABLO DE BORBUR'),
(15686, 'CO', 15, 'SANTANA'),
(15690, 'CO', 15, 'SANTA MARÍA'),
(15693, 'CO', 15, 'SANTA ROSA DE VITERBO'),
(15696, 'CO', 15, 'SANTA SOFÍA'),
(15720, 'CO', 15, 'SATIVANORTE'),
(15723, 'CO', 15, 'SATIVASUR'),
(15740, 'CO', 15, 'SIACHOQUE'),
(15753, 'CO', 15, 'SOATÁ'),
(15755, 'CO', 15, 'SOCOTÁ'),
(15757, 'CO', 15, 'SOCHA'),
(15759, 'CO', 15, 'SOGAMOSO'),
(15761, 'CO', 15, 'SOMONDOCO'),
(15762, 'CO', 15, 'SORA'),
(15763, 'CO', 15, 'SOTAQUIRÁ'),
(15764, 'CO', 15, 'SORACÁ'),
(15774, 'CO', 15, 'SUSACÓN'),
(15776, 'CO', 15, 'SUTAMARCHÁN'),
(15778, 'CO', 15, 'SUTATENZA'),
(15790, 'CO', 15, 'TASCO'),
(15798, 'CO', 15, 'TENZA'),
(15804, 'CO', 15, 'TIBANÁ'),
(15806, 'CO', 15, 'TIBASOSA'),
(15808, 'CO', 15, 'TINJACÁ'),
(15810, 'CO', 15, 'TIPACOQUE'),
(15814, 'CO', 15, 'TOCA'),
(15816, 'CO', 15, 'TOGÃœÍ'),
(15820, 'CO', 15, 'TÓPAGA'),
(15822, 'CO', 15, 'TOTA'),
(15832, 'CO', 15, 'TUNUNGUÁ'),
(15835, 'CO', 15, 'TURMEQUÉ'),
(15837, 'CO', 15, 'TUTA'),
(15839, 'CO', 15, 'TUTAZÁ'),
(15842, 'CO', 15, 'UMBITA'),
(15861, 'CO', 15, 'VENTAQUEMADA'),
(15879, 'CO', 15, 'VIRACACHÁ'),
(15897, 'CO', 15, 'ZETAQUIRA'),
(17001, 'CO', 17, 'MANIZALES'),
(17013, 'CO', 17, 'AGUADAS'),
(17042, 'CO', 17, 'ANSERMA'),
(17050, 'CO', 17, 'ARANZAZU'),
(17088, 'CO', 17, 'BELALCÁZAR'),
(17174, 'CO', 17, 'CHINCHINÁ'),
(17272, 'CO', 17, 'FILADELFIA'),
(17380, 'CO', 17, 'LA DORADA'),
(17388, 'CO', 17, 'LA MERCED'),
(17433, 'CO', 17, 'MANZANARES'),
(17442, 'CO', 17, 'MARMATO'),
(17444, 'CO', 17, 'MARQUETALIA'),
(17446, 'CO', 17, 'MARULANDA'),
(17486, 'CO', 17, 'NEIRA'),
(17495, 'CO', 17, 'NORCASIA'),
(17513, 'CO', 17, 'PÁCORA'),
(17524, 'CO', 17, 'PALESTINA'),
(17541, 'CO', 17, 'PENSILVANIA'),
(17614, 'CO', 17, 'RIOSUCIO'),
(17616, 'CO', 17, 'RISARALDA'),
(17653, 'CO', 17, 'SALAMINA'),
(17662, 'CO', 17, 'SAMANÁ'),
(17665, 'CO', 17, 'SAN JOSÉ'),
(17777, 'CO', 17, 'SUPÍA'),
(17867, 'CO', 17, 'VICTORIA'),
(17873, 'CO', 17, 'VILLAMARÍA'),
(17877, 'CO', 17, 'VITERBO'),
(18001, 'CO', 18, 'FLORENCIA'),
(18029, 'CO', 18, 'ALBANIA'),
(18094, 'CO', 18, 'BELÉN DE LOS ANDAQUÍES'),
(18150, 'CO', 18, 'CARTAGENA DEL CHAIRÁ'),
(18205, 'CO', 18, 'CURILLO'),
(18247, 'CO', 18, 'EL DONCELLO'),
(18256, 'CO', 18, 'EL PAUJIL'),
(18410, 'CO', 18, 'LA MONTAÑITA'),
(18460, 'CO', 18, 'MILÁN'),
(18479, 'CO', 18, 'MORELIA'),
(18592, 'CO', 18, 'PUERTO RICO'),
(18610, 'CO', 18, 'SAN JOSÉ DEL FRAGUA'),
(18753, 'CO', 18, 'SAN VICENTE DEL CAGUÁN'),
(18756, 'CO', 18, 'SOLANO'),
(18785, 'CO', 18, 'SOLITA'),
(18860, 'CO', 18, 'VALPARAÍSO'),
(19001, 'CO', 19, 'POPAYÁN'),
(19022, 'CO', 19, 'ALMAGUER'),
(19050, 'CO', 19, 'ARGELIA'),
(19075, 'CO', 19, 'BALBOA'),
(19100, 'CO', 19, 'BOLÍVAR'),
(19110, 'CO', 19, 'BUENOS AIRES'),
(19130, 'CO', 19, 'CAJIBÍO'),
(19137, 'CO', 19, 'CALDONO'),
(19142, 'CO', 19, 'CALOTO'),
(19212, 'CO', 19, 'CORINTO'),
(19256, 'CO', 19, 'EL TAMBO'),
(19290, 'CO', 19, 'FLORENCIA'),
(19300, 'CO', 19, 'GUACHENÉ'),
(19318, 'CO', 19, 'GUAPI'),
(19355, 'CO', 19, 'INZÁ'),
(19364, 'CO', 19, 'JAMBALÓ'),
(19392, 'CO', 19, 'LA SIERRA'),
(19397, 'CO', 19, 'LA VEGA'),
(19418, 'CO', 19, 'LÓPEZ'),
(19450, 'CO', 19, 'MERCADERES'),
(19455, 'CO', 19, 'MIRANDA'),
(19473, 'CO', 19, 'MORALES'),
(19513, 'CO', 19, 'PADILLA'),
(19517, 'CO', 19, 'PAEZ'),
(19532, 'CO', 19, 'PATÍA'),
(19533, 'CO', 19, 'PIAMONTE'),
(19548, 'CO', 19, 'PIENDAMÓ'),
(19573, 'CO', 19, 'PUERTO TEJADA'),
(19585, 'CO', 19, 'PURACÉ'),
(19622, 'CO', 19, 'ROSAS'),
(19693, 'CO', 19, 'SAN SEBASTIÁN'),
(19698, 'CO', 19, 'SANTANDER DE QUILICHAO'),
(19701, 'CO', 19, 'SANTA ROSA'),
(19743, 'CO', 19, 'SILVIA'),
(19760, 'CO', 19, 'SOTARA'),
(19780, 'CO', 19, 'SUÁREZ'),
(19785, 'CO', 19, 'SUCRE'),
(19807, 'CO', 19, 'TIMBÍO'),
(19809, 'CO', 19, 'TIMBIQUÍ'),
(19821, 'CO', 19, 'TORIBIO'),
(19824, 'CO', 19, 'TOTORÓ'),
(19845, 'CO', 19, 'VILLA RICA'),
(20001, 'CO', 20, 'VALLEDUPAR'),
(20011, 'CO', 20, 'AGUACHICA'),
(20013, 'CO', 20, 'AGUSTÍN CODAZZI'),
(20032, 'CO', 20, 'ASTREA'),
(20045, 'CO', 20, 'BECERRIL'),
(20060, 'CO', 20, 'BOSCONIA'),
(20175, 'CO', 20, 'CHIMICHAGUA'),
(20178, 'CO', 20, 'CHIRIGUANÁ'),
(20228, 'CO', 20, 'CURUMANÍ'),
(20238, 'CO', 20, 'EL COPEY'),
(20250, 'CO', 20, 'EL PASO'),
(20295, 'CO', 20, 'GAMARRA'),
(20310, 'CO', 20, 'GONZÁLEZ'),
(20383, 'CO', 20, 'LA GLORIA'),
(20400, 'CO', 20, 'LA JAGUA DE IBIRICO'),
(20443, 'CO', 20, 'MANAURE'),
(20517, 'CO', 20, 'PAILITAS'),
(20550, 'CO', 20, 'PELAYA'),
(20570, 'CO', 20, 'PUEBLO BELLO'),
(20614, 'CO', 20, 'RÍO DE ORO'),
(20621, 'CO', 20, 'LA PAZ'),
(20710, 'CO', 20, 'SAN ALBERTO'),
(20750, 'CO', 20, 'SAN DIEGO'),
(20770, 'CO', 20, 'SAN MARTÍN'),
(20787, 'CO', 20, 'TAMALAMEQUE'),
(23001, 'CO', 23, 'MONTERÍA'),
(23068, 'CO', 23, 'AYAPEL'),
(23079, 'CO', 23, 'BUENAVISTA'),
(23090, 'CO', 23, 'CANALETE'),
(23162, 'CO', 23, 'CERETÉ'),
(23168, 'CO', 23, 'CHIMÁ'),
(23182, 'CO', 23, 'CHINÚ'),
(23189, 'CO', 23, 'CIÉNAGA DE ORO'),
(23300, 'CO', 23, 'COTORRA'),
(23350, 'CO', 23, 'LA APARTADA'),
(23417, 'CO', 23, 'LORICA'),
(23419, 'CO', 23, 'LOS CÓRDOBAS'),
(23464, 'CO', 23, 'MOMIL'),
(23466, 'CO', 23, 'MONTELÍBANO'),
(23500, 'CO', 23, 'MOÑITOS'),
(23555, 'CO', 23, 'PLANETA RICA'),
(23570, 'CO', 23, 'PUEBLO NUEVO'),
(23574, 'CO', 23, 'PUERTO ESCONDIDO'),
(23580, 'CO', 23, 'PUERTO LIBERTADOR'),
(23586, 'CO', 23, 'PURÍSIMA'),
(23660, 'CO', 23, 'SAHAGÚN'),
(23670, 'CO', 23, 'SAN ANDRÉS SOTAVENTO'),
(23672, 'CO', 23, 'SAN ANTERO'),
(23675, 'CO', 23, 'SAN BERNARDO DEL VIENTO'),
(23678, 'CO', 23, 'SAN CARLOS'),
(23686, 'CO', 23, 'SAN PELAYO'),
(23807, 'CO', 23, 'TIERRALTA'),
(23815, 'CO', 23, 'TUCHÍN'),
(23855, 'CO', 23, 'VALENCIA'),
(25001, 'CO', 25, 'AGUA DE DIOS'),
(25019, 'CO', 25, 'ALBÁN'),
(25035, 'CO', 25, 'ANAPOIMA'),
(25040, 'CO', 25, 'ANOLAIMA'),
(25053, 'CO', 25, 'ARBELÁEZ'),
(25086, 'CO', 25, 'BELTRÁN'),
(25095, 'CO', 25, 'BITUIMA'),
(25099, 'CO', 25, 'BOJACÁ'),
(25120, 'CO', 25, 'CABRERA'),
(25123, 'CO', 25, 'CACHIPAY'),
(25126, 'CO', 25, 'CAJICÁ'),
(25148, 'CO', 25, 'CAPARRAPÍ'),
(25151, 'CO', 25, 'CAQUEZA'),
(25154, 'CO', 25, 'CARMEN DE CARUPA'),
(25168, 'CO', 25, 'CHAGUANÍ'),
(25175, 'CO', 25, 'CHÍA'),
(25178, 'CO', 25, 'CHIPAQUE'),
(25181, 'CO', 25, 'CHOACHÍ'),
(25183, 'CO', 25, 'CHOCONTÁ'),
(25200, 'CO', 25, 'COGUA'),
(25214, 'CO', 25, 'COTA'),
(25224, 'CO', 25, 'CUCUNUBÁ'),
(25245, 'CO', 25, 'EL COLEGIO'),
(25258, 'CO', 25, 'EL PEÑÓN'),
(25260, 'CO', 25, 'EL ROSAL'),
(25269, 'CO', 25, 'FACATATIVÁ'),
(25279, 'CO', 25, 'FOMEQUE'),
(25281, 'CO', 25, 'FOSCA'),
(25286, 'CO', 25, 'FUNZA'),
(25288, 'CO', 25, 'FÚQUENE'),
(25290, 'CO', 25, 'FUSAGASUGÁ'),
(25293, 'CO', 25, 'GACHALA'),
(25295, 'CO', 25, 'GACHANCIPÁ'),
(25297, 'CO', 25, 'GACHETÁ'),
(25299, 'CO', 25, 'GAMA'),
(25307, 'CO', 25, 'GIRARDOT'),
(25312, 'CO', 25, 'GRANADA'),
(25317, 'CO', 25, 'GUACHETÁ'),
(25320, 'CO', 25, 'GUADUAS'),
(25322, 'CO', 25, 'GUASCA'),
(25324, 'CO', 25, 'GUATAQUÍ'),
(25326, 'CO', 25, 'GUATAVITA'),
(25328, 'CO', 25, 'GUAYABAL DE SIQUIMA'),
(25335, 'CO', 25, 'GUAYABETAL'),
(25339, 'CO', 25, 'GUTIÉRREZ'),
(25368, 'CO', 25, 'JERUSALÉN'),
(25372, 'CO', 25, 'JUNÍN'),
(25377, 'CO', 25, 'LA CALERA'),
(25386, 'CO', 25, 'LA MESA'),
(25394, 'CO', 25, 'LA PALMA'),
(25398, 'CO', 25, 'LA PEÑA'),
(25402, 'CO', 25, 'LA VEGA'),
(25407, 'CO', 25, 'LENGUAZAQUE'),
(25426, 'CO', 25, 'MACHETA'),
(25430, 'CO', 25, 'MADRID'),
(25436, 'CO', 25, 'MANTA'),
(25438, 'CO', 25, 'MEDINA'),
(25473, 'CO', 25, 'MOSQUERA'),
(25483, 'CO', 25, 'NARIÑO'),
(25486, 'CO', 25, 'NEMOCÓN'),
(25488, 'CO', 25, 'NILO'),
(25489, 'CO', 25, 'NIMAIMA'),
(25491, 'CO', 25, 'NOCAIMA'),
(25506, 'CO', 25, 'VENECIA'),
(25513, 'CO', 25, 'PACHO'),
(25518, 'CO', 25, 'PAIME'),
(25524, 'CO', 25, 'PANDI'),
(25530, 'CO', 25, 'PARATEBUENO'),
(25535, 'CO', 25, 'PASCA'),
(25572, 'CO', 25, 'PUERTO SALGAR'),
(25580, 'CO', 25, 'PULÍ'),
(25592, 'CO', 25, 'QUEBRADANEGRA'),
(25594, 'CO', 25, 'QUETAME'),
(25596, 'CO', 25, 'QUIPILE'),
(25599, 'CO', 25, 'APULO'),
(25612, 'CO', 25, 'RICAURTE'),
(25645, 'CO', 25, 'SAN ANTONIO DEL TEQUENDAMA'),
(25649, 'CO', 25, 'SAN BERNARDO'),
(25653, 'CO', 25, 'SAN CAYETANO'),
(25658, 'CO', 25, 'SAN FRANCISCO'),
(25662, 'CO', 25, 'SAN JUAN DE RÍO SECO'),
(25718, 'CO', 25, 'SASAIMA'),
(25736, 'CO', 25, 'SESQUILÉ'),
(25740, 'CO', 25, 'SIBATÉ'),
(25743, 'CO', 25, 'SILVANIA'),
(25745, 'CO', 25, 'SIMIJACA'),
(25754, 'CO', 25, 'SOACHA'),
(25758, 'CO', 25, 'SOPÓ'),
(25769, 'CO', 25, 'SUBACHOQUE'),
(25772, 'CO', 25, 'SUESCA'),
(25777, 'CO', 25, 'SUPATÁ'),
(25779, 'CO', 25, 'SUSA'),
(25781, 'CO', 25, 'SUTATAUSA'),
(25785, 'CO', 25, 'TABIO'),
(25793, 'CO', 25, 'TAUSA'),
(25797, 'CO', 25, 'TENA'),
(25799, 'CO', 25, 'TENJO'),
(25805, 'CO', 25, 'TIBACUY'),
(25807, 'CO', 25, 'TIBIRITA'),
(25815, 'CO', 25, 'TOCAIMA'),
(25817, 'CO', 25, 'TOCANCIPÁ'),
(25823, 'CO', 25, 'TOPAIPÍ'),
(25839, 'CO', 25, 'UBALÁ'),
(25841, 'CO', 25, 'UBAQUE'),
(25843, 'CO', 25, 'UBATÉ'),
(25845, 'CO', 25, 'UNE'),
(25851, 'CO', 25, 'ÚTICA'),
(25862, 'CO', 25, 'VERGARA'),
(25867, 'CO', 25, 'VIANÍ'),
(25871, 'CO', 25, 'VILLAGÓMEZ'),
(25873, 'CO', 25, 'VILLAPINZÓN'),
(25875, 'CO', 25, 'VILLETA'),
(25878, 'CO', 25, 'VIOTÁ'),
(25885, 'CO', 25, 'YACOPÍ'),
(25898, 'CO', 25, 'ZIPACÓN'),
(25899, 'CO', 25, 'ZIPAQUIRÁ'),
(27001, 'CO', 27, 'QUIBDÓ'),
(27006, 'CO', 27, 'ACANDÍ'),
(27025, 'CO', 27, 'ALTO BAUDÓ'),
(27050, 'CO', 27, 'ATRATO'),
(27073, 'CO', 27, 'BAGADÓ'),
(27075, 'CO', 27, 'BAHÍA SOLANO'),
(27077, 'CO', 27, 'BAJO BAUDÓ'),
(27099, 'CO', 27, 'BOJAYA'),
(27135, 'CO', 27, 'EL CANTÓN DEL SAN PABLO'),
(27150, 'CO', 27, 'CARMEN DEL DARIEN'),
(27160, 'CO', 27, 'CÉRTEGUI'),
(27205, 'CO', 27, 'CONDOTO'),
(27245, 'CO', 27, 'EL CARMEN DE ATRATO'),
(27250, 'CO', 27, 'EL LITORAL DEL SAN JUAN'),
(27361, 'CO', 27, 'ISTMINA'),
(27372, 'CO', 27, 'JURADÓ'),
(27413, 'CO', 27, 'LLORÓ'),
(27425, 'CO', 27, 'MEDIO ATRATO'),
(27430, 'CO', 27, 'MEDIO BAUDÓ'),
(27450, 'CO', 27, 'MEDIO SAN JUAN'),
(27491, 'CO', 27, 'NÓVITA'),
(27495, 'CO', 27, 'NUQUÍ'),
(27580, 'CO', 27, 'RÍO IRÓ'),
(27600, 'CO', 27, 'RÍO QUITO'),
(27615, 'CO', 27, 'RIOSUCIO'),
(27660, 'CO', 27, 'SAN JOSÉ DEL PALMAR'),
(27745, 'CO', 27, 'SIPÍ'),
(27787, 'CO', 27, 'TADÓ'),
(27800, 'CO', 27, 'UNGUÍA'),
(27810, 'CO', 27, 'UNIÓN PANAMERICANA'),
(41001, 'CO', 41, 'NEIVA'),
(41006, 'CO', 41, 'ACEVEDO'),
(41013, 'CO', 41, 'AGRADO'),
(41016, 'CO', 41, 'AIPE'),
(41020, 'CO', 41, 'ALGECIRAS'),
(41026, 'CO', 41, 'ALTAMIRA'),
(41078, 'CO', 41, 'BARAYA'),
(41132, 'CO', 41, 'CAMPOALEGRE'),
(41206, 'CO', 41, 'COLOMBIA'),
(41244, 'CO', 41, 'ELÍAS'),
(41298, 'CO', 41, 'GARZÓN'),
(41306, 'CO', 41, 'GIGANTE'),
(41319, 'CO', 41, 'GUADALUPE'),
(41349, 'CO', 41, 'HOBO'),
(41357, 'CO', 41, 'IQUIRA'),
(41359, 'CO', 41, 'ISNOS'),
(41378, 'CO', 41, 'LA ARGENTINA'),
(41396, 'CO', 41, 'LA PLATA'),
(41483, 'CO', 41, 'NÁTAGA'),
(41503, 'CO', 41, 'OPORAPA'),
(41518, 'CO', 41, 'PAICOL'),
(41524, 'CO', 41, 'PALERMO'),
(41530, 'CO', 41, 'PALESTINA'),
(41548, 'CO', 41, 'PITAL'),
(41551, 'CO', 41, 'PITALITO'),
(41615, 'CO', 41, 'RIVERA'),
(41660, 'CO', 41, 'SALADOBLANCO'),
(41668, 'CO', 41, 'SAN AGUSTÍN'),
(41676, 'CO', 41, 'SANTA MARÍA'),
(41770, 'CO', 41, 'SUAZA'),
(41791, 'CO', 41, 'TARQUI'),
(41797, 'CO', 41, 'TESALIA'),
(41799, 'CO', 41, 'TELLO'),
(41801, 'CO', 41, 'TERUEL'),
(41807, 'CO', 41, 'TIMANÁ'),
(41872, 'CO', 41, 'VILLAVIEJA'),
(41885, 'CO', 41, 'YAGUARÁ'),
(44001, 'CO', 44, 'RIOHACHA'),
(44035, 'CO', 44, 'ALBANIA'),
(44078, 'CO', 44, 'BARRANCAS'),
(44090, 'CO', 44, 'DIBULLA'),
(44098, 'CO', 44, 'DISTRACCIÓN'),
(44110, 'CO', 44, 'EL MOLINO'),
(44279, 'CO', 44, 'FONSECA'),
(44378, 'CO', 44, 'HATONUEVO'),
(44420, 'CO', 44, 'LA JAGUA DEL PILAR'),
(44430, 'CO', 44, 'MAICAO'),
(44560, 'CO', 44, 'MANAURE'),
(44650, 'CO', 44, 'SAN JUAN DEL CESAR'),
(44847, 'CO', 44, 'URIBIA'),
(44855, 'CO', 44, 'URUMITA'),
(44874, 'CO', 44, 'VILLANUEVA'),
(47001, 'CO', 47, 'SANTA MARTA'),
(47030, 'CO', 47, 'ALGARROBO'),
(47053, 'CO', 47, 'ARACATACA'),
(47058, 'CO', 47, 'ARIGUANÍ'),
(47161, 'CO', 47, 'CERRO SAN ANTONIO'),
(47170, 'CO', 47, 'CHIBOLO'),
(47189, 'CO', 47, 'CIÉNAGA'),
(47205, 'CO', 47, 'CONCORDIA'),
(47245, 'CO', 47, 'EL BANCO'),
(47258, 'CO', 47, 'EL PIÑON'),
(47268, 'CO', 47, 'EL RETÉN'),
(47288, 'CO', 47, 'FUNDACIÓN'),
(47318, 'CO', 47, 'GUAMAL'),
(47460, 'CO', 47, 'NUEVA GRANADA'),
(47541, 'CO', 47, 'PEDRAZA'),
(47545, 'CO', 47, 'PIJIÑO DEL CARMEN'),
(47551, 'CO', 47, 'PIVIJAY'),
(47555, 'CO', 47, 'PLATO'),
(47570, 'CO', 47, 'PUEBLOVIEJO'),
(47605, 'CO', 47, 'REMOLINO'),
(47660, 'CO', 47, 'SABANAS DE SAN ANGEL'),
(47675, 'CO', 47, 'SALAMINA'),
(47692, 'CO', 47, 'SAN SEBASTIÁN DE BUENAVISTA'),
(47703, 'CO', 47, 'SAN ZENÓN'),
(47707, 'CO', 47, 'SANTA ANA'),
(47720, 'CO', 47, 'SANTA BÁRBARA DE PINTO'),
(47745, 'CO', 47, 'SITIONUEVO'),
(47798, 'CO', 47, 'TENERIFE'),
(47960, 'CO', 47, 'ZAPAYÁN'),
(47980, 'CO', 47, 'ZONA BANANERA'),
(50001, 'CO', 50, 'VILLAVICENCIO'),
(50006, 'CO', 50, 'ACACÍAS'),
(50110, 'CO', 50, 'BARRANCA DE UPÍA'),
(50124, 'CO', 50, 'CABUYARO'),
(50150, 'CO', 50, 'CASTILLA LA NUEVA'),
(50223, 'CO', 50, 'CUBARRAL'),
(50226, 'CO', 50, 'CUMARAL'),
(50245, 'CO', 50, 'EL CALVARIO'),
(50251, 'CO', 50, 'EL CASTILLO'),
(50270, 'CO', 50, 'EL DORADO'),
(50287, 'CO', 50, 'FUENTE DE ORO'),
(50313, 'CO', 50, 'GRANADA'),
(50318, 'CO', 50, 'GUAMAL'),
(50325, 'CO', 50, 'MAPIRIPÁN'),
(50330, 'CO', 50, 'MESETAS'),
(50350, 'CO', 50, 'LA MACARENA'),
(50370, 'CO', 50, 'URIBE'),
(50400, 'CO', 50, 'LEJANÍAS'),
(50450, 'CO', 50, 'PUERTO CONCORDIA'),
(50568, 'CO', 50, 'PUERTO GAITÁN'),
(50573, 'CO', 50, 'PUERTO LÓPEZ'),
(50577, 'CO', 50, 'PUERTO LLERAS'),
(50590, 'CO', 50, 'PUERTO RICO'),
(50606, 'CO', 50, 'RESTREPO'),
(50680, 'CO', 50, 'SAN CARLOS DE GUAROA'),
(50683, 'CO', 50, 'SAN JUAN DE ARAMA'),
(50686, 'CO', 50, 'SAN JUANITO'),
(50689, 'CO', 50, 'SAN MARTÍN'),
(50711, 'CO', 50, 'VISTAHERMOSA'),
(52001, 'CO', 52, 'PASTO'),
(52019, 'CO', 52, 'ALBÁN'),
(52022, 'CO', 52, 'ALDANA'),
(52036, 'CO', 52, 'ANCUYÁ'),
(52051, 'CO', 52, 'ARBOLEDA'),
(52079, 'CO', 52, 'BARBACOAS'),
(52083, 'CO', 52, 'BELÉN'),
(52110, 'CO', 52, 'BUESACO'),
(52203, 'CO', 52, 'COLÓN'),
(52207, 'CO', 52, 'CONSACA'),
(52210, 'CO', 52, 'CONTADERO'),
(52215, 'CO', 52, 'CÓRDOBA'),
(52224, 'CO', 52, 'CUASPUD'),
(52227, 'CO', 52, 'CUMBAL'),
(52233, 'CO', 52, 'CUMBITARA'),
(52240, 'CO', 52, 'CHACHAGÃœÍ'),
(52250, 'CO', 52, 'EL CHARCO'),
(52254, 'CO', 52, 'EL PEÑOL'),
(52256, 'CO', 52, 'EL ROSARIO'),
(52258, 'CO', 52, 'EL TABLÓN DE GÓMEZ'),
(52260, 'CO', 52, 'EL TAMBO'),
(52287, 'CO', 52, 'FUNES'),
(52317, 'CO', 52, 'GUACHUCAL'),
(52320, 'CO', 52, 'GUAITARILLA'),
(52323, 'CO', 52, 'GUALMATÁN'),
(52352, 'CO', 52, 'ILES'),
(52354, 'CO', 52, 'IMUÉS'),
(52356, 'CO', 52, 'IPIALES'),
(52378, 'CO', 52, 'LA CRUZ'),
(52381, 'CO', 52, 'LA FLORIDA'),
(52385, 'CO', 52, 'LA LLANADA'),
(52390, 'CO', 52, 'LA TOLA'),
(52399, 'CO', 52, 'LA UNIÓN'),
(52405, 'CO', 52, 'LEIVA'),
(52411, 'CO', 52, 'LINARES'),
(52418, 'CO', 52, 'LOS ANDES'),
(52427, 'CO', 52, 'MAGÃœI'),
(52435, 'CO', 52, 'MALLAMA'),
(52473, 'CO', 52, 'MOSQUERA'),
(52480, 'CO', 52, 'NARIÑO'),
(52490, 'CO', 52, 'OLAYA HERRERA'),
(52506, 'CO', 52, 'OSPINA'),
(52520, 'CO', 52, 'FRANCISCO PIZARRO'),
(52540, 'CO', 52, 'POLICARPA'),
(52560, 'CO', 52, 'POTOSÍ'),
(52565, 'CO', 52, 'PROVIDENCIA'),
(52573, 'CO', 52, 'PUERRES'),
(52585, 'CO', 52, 'PUPIALES'),
(52612, 'CO', 52, 'RICAURTE'),
(52621, 'CO', 52, 'ROBERTO PAYÁN'),
(52678, 'CO', 52, 'SAMANIEGO'),
(52683, 'CO', 52, 'SANDONÁ'),
(52685, 'CO', 52, 'SAN BERNARDO'),
(52687, 'CO', 52, 'SAN LORENZO'),
(52693, 'CO', 52, 'SAN PABLO'),
(52694, 'CO', 52, 'SAN PEDRO DE CARTAGO'),
(52696, 'CO', 52, 'SANTA BÁRBARA'),
(52699, 'CO', 52, 'SANTACRUZ'),
(52720, 'CO', 52, 'SAPUYES'),
(52786, 'CO', 52, 'TAMINANGO'),
(52788, 'CO', 52, 'TANGUA'),
(52835, 'CO', 52, 'SAN ANDRES DE TUMACO'),
(52838, 'CO', 52, 'TÚQUERRES'),
(52885, 'CO', 52, 'YACUANQUER'),
(54001, 'CO', 54, 'CÚCUTA'),
(54003, 'CO', 54, 'ABREGO'),
(54051, 'CO', 54, 'ARBOLEDAS'),
(54099, 'CO', 54, 'BOCHALEMA'),
(54109, 'CO', 54, 'BUCARASICA'),
(54125, 'CO', 54, 'CÁCOTA'),
(54128, 'CO', 54, 'CACHIRÁ'),
(54172, 'CO', 54, 'CHINÁCOTA'),
(54174, 'CO', 54, 'CHITAGÁ'),
(54206, 'CO', 54, 'CONVENCIÓN'),
(54223, 'CO', 54, 'CUCUTILLA'),
(54239, 'CO', 54, 'DURANIA'),
(54245, 'CO', 54, 'EL CARMEN'),
(54250, 'CO', 54, 'EL TARRA'),
(54261, 'CO', 54, 'EL ZULIA'),
(54313, 'CO', 54, 'GRAMALOTE'),
(54344, 'CO', 54, 'HACARÍ'),
(54347, 'CO', 54, 'HERRÁN'),
(54377, 'CO', 54, 'LABATECA'),
(54385, 'CO', 54, 'LA ESPERANZA'),
(54398, 'CO', 54, 'LA PLAYA'),
(54405, 'CO', 54, 'LOS PATIOS'),
(54418, 'CO', 54, 'LOURDES'),
(54480, 'CO', 54, 'MUTISCUA'),
(54498, 'CO', 54, 'OCAÑA'),
(54518, 'CO', 54, 'PAMPLONA'),
(54520, 'CO', 54, 'PAMPLONITA'),
(54553, 'CO', 54, 'PUERTO SANTANDER'),
(54599, 'CO', 54, 'RAGONVALIA'),
(54660, 'CO', 54, 'SALAZAR'),
(54670, 'CO', 54, 'SAN CALIXTO'),
(54673, 'CO', 54, 'SAN CAYETANO'),
(54680, 'CO', 54, 'SANTIAGO'),
(54720, 'CO', 54, 'SARDINATA'),
(54743, 'CO', 54, 'SILOS'),
(54800, 'CO', 54, 'TEORAMA'),
(54810, 'CO', 54, 'TIBÚ'),
(54820, 'CO', 54, 'TOLEDO'),
(54871, 'CO', 54, 'VILLA CARO'),
(54874, 'CO', 54, 'VILLA DEL ROSARIO'),
(63001, 'CO', 63, 'ARMENIA'),
(63111, 'CO', 63, 'BUENAVISTA'),
(63130, 'CO', 63, 'CALARCA'),
(63190, 'CO', 63, 'CIRCASIA'),
(63212, 'CO', 63, 'CÓRDOBA'),
(63272, 'CO', 63, 'FILANDIA'),
(63302, 'CO', 63, 'GÉNOVA'),
(63401, 'CO', 63, 'LA TEBAIDA'),
(63470, 'CO', 63, 'MONTENEGRO'),
(63548, 'CO', 63, 'PIJAO'),
(63594, 'CO', 63, 'QUIMBAYA'),
(63690, 'CO', 63, 'SALENTO'),
(66001, 'CO', 66, 'PEREIRA'),
(66045, 'CO', 66, 'APÍA'),
(66075, 'CO', 66, 'BALBOA'),
(66088, 'CO', 66, 'BELÉN DE UMBRÍA'),
(66170, 'CO', 66, 'DOSQUEBRADAS'),
(66318, 'CO', 66, 'GUÁTICA'),
(66383, 'CO', 66, 'LA CELIA'),
(66400, 'CO', 66, 'LA VIRGINIA'),
(66440, 'CO', 66, 'MARSELLA'),
(66456, 'CO', 66, 'MISTRATÓ'),
(66572, 'CO', 66, 'PUEBLO RICO'),
(66594, 'CO', 66, 'QUINCHÍA'),
(66682, 'CO', 66, 'SANTA ROSA DE CABAL'),
(66687, 'CO', 66, 'SANTUARIO'),
(68001, 'CO', 68, 'BUCARAMANGA'),
(68013, 'CO', 68, 'AGUADA'),
(68020, 'CO', 68, 'ALBANIA'),
(68051, 'CO', 68, 'ARATOCA'),
(68077, 'CO', 68, 'BARBOSA'),
(68079, 'CO', 68, 'BARICHARA'),
(68081, 'CO', 68, 'BARRANCABERMEJA'),
(68092, 'CO', 68, 'BETULIA'),
(68101, 'CO', 68, 'BOLÍVAR'),
(68121, 'CO', 68, 'CABRERA'),
(68132, 'CO', 68, 'CALIFORNIA'),
(68147, 'CO', 68, 'CAPITANEJO'),
(68152, 'CO', 68, 'CARCASÍ'),
(68160, 'CO', 68, 'CEPITÁ'),
(68162, 'CO', 68, 'CERRITO'),
(68167, 'CO', 68, 'CHARALÁ'),
(68169, 'CO', 68, 'CHARTA'),
(68176, 'CO', 68, 'CHIMA'),
(68179, 'CO', 68, 'CHIPATÁ'),
(68190, 'CO', 68, 'CIMITARRA'),
(68207, 'CO', 68, 'CONCEPCIÓN'),
(68209, 'CO', 68, 'CONFINES'),
(68211, 'CO', 68, 'CONTRATACIÓN'),
(68217, 'CO', 68, 'COROMORO'),
(68229, 'CO', 68, 'CURITÍ'),
(68235, 'CO', 68, 'EL CARMEN DE CHUCURÍ'),
(68245, 'CO', 68, 'EL GUACAMAYO'),
(68250, 'CO', 68, 'EL PEÑÓN'),
(68255, 'CO', 68, 'EL PLAYÓN'),
(68264, 'CO', 68, 'ENCINO'),
(68266, 'CO', 68, 'ENCISO'),
(68271, 'CO', 68, 'FLORIÁN'),
(68276, 'CO', 68, 'FLORIDABLANCA'),
(68296, 'CO', 68, 'GALÁN'),
(68298, 'CO', 68, 'GAMBITA'),
(68307, 'CO', 68, 'GIRÓN'),
(68318, 'CO', 68, 'GUACA'),
(68320, 'CO', 68, 'GUADALUPE'),
(68322, 'CO', 68, 'GUAPOTÁ'),
(68324, 'CO', 68, 'GUAVATÁ'),
(68327, 'CO', 68, 'GÃœEPSA'),
(68344, 'CO', 68, 'HATO'),
(68368, 'CO', 68, 'JESÚS MARÍA'),
(68370, 'CO', 68, 'JORDÁN'),
(68377, 'CO', 68, 'LA BELLEZA'),
(68385, 'CO', 68, 'LANDÁZURI'),
(68397, 'CO', 68, 'LA PAZ'),
(68406, 'CO', 68, 'LEBRIJA'),
(68418, 'CO', 68, 'LOS SANTOS'),
(68425, 'CO', 68, 'MACARAVITA'),
(68432, 'CO', 68, 'MÁLAGA'),
(68444, 'CO', 68, 'MATANZA'),
(68464, 'CO', 68, 'MOGOTES'),
(68468, 'CO', 68, 'MOLAGAVITA'),
(68498, 'CO', 68, 'OCAMONTE'),
(68500, 'CO', 68, 'OIBA'),
(68502, 'CO', 68, 'ONZAGA'),
(68522, 'CO', 68, 'PALMAR'),
(68524, 'CO', 68, 'PALMAS DEL SOCORRO'),
(68533, 'CO', 68, 'PÁRAMO'),
(68547, 'CO', 68, 'PIEDECUESTA'),
(68549, 'CO', 68, 'PINCHOTE'),
(68572, 'CO', 68, 'PUENTE NACIONAL'),
(68573, 'CO', 68, 'PUERTO PARRA'),
(68575, 'CO', 68, 'PUERTO WILCHES'),
(68615, 'CO', 68, 'RIONEGRO'),
(68655, 'CO', 68, 'SABANA DE TORRES'),
(68669, 'CO', 68, 'SAN ANDRÉS'),
(68673, 'CO', 68, 'SAN BENITO'),
(68679, 'CO', 68, 'SAN GIL'),
(68682, 'CO', 68, 'SAN JOAQUÍN'),
(68684, 'CO', 68, 'SAN JOSÉ DE MIRANDA'),
(68686, 'CO', 68, 'SAN MIGUEL'),
(68689, 'CO', 68, 'SAN VICENTE DE CHUCURÍ'),
(68705, 'CO', 68, 'SANTA BÁRBARA'),
(68720, 'CO', 68, 'SANTA HELENA DEL OPÓN'),
(68745, 'CO', 68, 'SIMACOTA'),
(68755, 'CO', 68, 'SOCORRO'),
(68770, 'CO', 68, 'SUAITA'),
(68773, 'CO', 68, 'SUCRE'),
(68780, 'CO', 68, 'SURATÁ'),
(68820, 'CO', 68, 'TONA'),
(68855, 'CO', 68, 'VALLE DE SAN JOSÉ'),
(68861, 'CO', 68, 'VÉLEZ'),
(68867, 'CO', 68, 'VETAS'),
(68872, 'CO', 68, 'VILLANUEVA'),
(68895, 'CO', 68, 'ZAPATOCA'),
(70001, 'CO', 70, 'SINCELEJO'),
(70110, 'CO', 70, 'BUENAVISTA'),
(70124, 'CO', 70, 'CAIMITO'),
(70204, 'CO', 70, 'COLOSO'),
(70215, 'CO', 70, 'COROZAL'),
(70221, 'CO', 70, 'COVEÑAS'),
(70230, 'CO', 70, 'CHALÁN'),
(70233, 'CO', 70, 'EL ROBLE'),
(70235, 'CO', 70, 'GALERAS'),
(70265, 'CO', 70, 'GUARANDA'),
(70400, 'CO', 70, 'LA UNIÓN'),
(70418, 'CO', 70, 'LOS PALMITOS'),
(70429, 'CO', 70, 'MAJAGUAL'),
(70473, 'CO', 70, 'MORROA'),
(70508, 'CO', 70, 'OVEJAS'),
(70523, 'CO', 70, 'PALMITO'),
(70670, 'CO', 70, 'SAMPUÉS'),
(70678, 'CO', 70, 'SAN BENITO ABAD'),
(70702, 'CO', 70, 'SAN JUAN DE BETULIA'),
(70708, 'CO', 70, 'SAN MARCOS'),
(70713, 'CO', 70, 'SAN ONOFRE'),
(70717, 'CO', 70, 'SAN PEDRO'),
(70742, 'CO', 70, 'SAN LUIS DE SINCÉ'),
(70771, 'CO', 70, 'SUCRE'),
(70820, 'CO', 70, 'SANTIAGO DE TOLÚ'),
(70823, 'CO', 70, 'TOLÚ VIEJO'),
(73001, 'CO', 73, 'IBAGUÉ'),
(73024, 'CO', 73, 'ALPUJARRA'),
(73026, 'CO', 73, 'ALVARADO'),
(73030, 'CO', 73, 'AMBALEMA'),
(73043, 'CO', 73, 'ANZOÁTEGUI'),
(73055, 'CO', 73, 'ARMERO'),
(73067, 'CO', 73, 'ATACO'),
(73124, 'CO', 73, 'CAJAMARCA'),
(73148, 'CO', 73, 'CARMEN DE APICALÁ'),
(73152, 'CO', 73, 'CASABIANCA'),
(73168, 'CO', 73, 'CHAPARRAL'),
(73200, 'CO', 73, 'COELLO'),
(73217, 'CO', 73, 'COYAIMA'),
(73226, 'CO', 73, 'CUNDAY'),
(73236, 'CO', 73, 'DOLORES'),
(73268, 'CO', 73, 'ESPINAL'),
(73270, 'CO', 73, 'FALAN'),
(73275, 'CO', 73, 'FLANDES'),
(73283, 'CO', 73, 'FRESNO'),
(73319, 'CO', 73, 'GUAMO'),
(73347, 'CO', 73, 'HERVEO'),
(73349, 'CO', 73, 'HONDA'),
(73352, 'CO', 73, 'ICONONZO'),
(73408, 'CO', 73, 'LÉRIDA'),
(73411, 'CO', 73, 'LÍBANO'),
(73443, 'CO', 73, 'SAN SEBASTIÁN DE MARIQUITA'),
(73449, 'CO', 73, 'MELGAR'),
(73461, 'CO', 73, 'MURILLO'),
(73483, 'CO', 73, 'NATAGAIMA'),
(73504, 'CO', 73, 'ORTEGA'),
(73520, 'CO', 73, 'PALOCABILDO'),
(73547, 'CO', 73, 'PIEDRAS'),
(73555, 'CO', 73, 'PLANADAS'),
(73563, 'CO', 73, 'PRADO'),
(73585, 'CO', 73, 'PURIFICACIÓN'),
(73616, 'CO', 73, 'RIOBLANCO'),
(73622, 'CO', 73, 'RONCESVALLES'),
(73624, 'CO', 73, 'ROVIRA'),
(73671, 'CO', 73, 'SALDAÑA'),
(73675, 'CO', 73, 'SAN ANTONIO'),
(73678, 'CO', 73, 'SAN LUIS'),
(73686, 'CO', 73, 'SANTA ISABEL'),
(73770, 'CO', 73, 'SUÁREZ'),
(73854, 'CO', 73, 'VALLE DE SAN JUAN'),
(73861, 'CO', 73, 'VENADILLO'),
(73870, 'CO', 73, 'VILLAHERMOSA'),
(73873, 'CO', 73, 'VILLARRICA'),
(76001, 'CO', 76, 'CALI'),
(76020, 'CO', 76, 'ALCALÁ'),
(76036, 'CO', 76, 'ANDALUCÍA'),
(76041, 'CO', 76, 'ANSERMANUEVO'),
(76054, 'CO', 76, 'ARGELIA'),
(76100, 'CO', 76, 'BOLÍVAR'),
(76109, 'CO', 76, 'BUENAVENTURA'),
(76111, 'CO', 76, 'GUADALAJARA DE BUGA'),
(76113, 'CO', 76, 'BUGALAGRANDE'),
(76122, 'CO', 76, 'CAICEDONIA'),
(76126, 'CO', 76, 'CALIMA'),
(76130, 'CO', 76, 'CANDELARIA'),
(76147, 'CO', 76, 'CARTAGO'),
(76233, 'CO', 76, 'DAGUA'),
(76243, 'CO', 76, 'EL ÁGUILA'),
(76246, 'CO', 76, 'EL CAIRO'),
(76248, 'CO', 76, 'EL CERRITO'),
(76250, 'CO', 76, 'EL DOVIO'),
(76275, 'CO', 76, 'FLORIDA'),
(76306, 'CO', 76, 'GINEBRA'),
(76318, 'CO', 76, 'GUACARÍ'),
(76364, 'CO', 76, 'JAMUNDÍ'),
(76377, 'CO', 76, 'LA CUMBRE'),
(76400, 'CO', 76, 'LA UNIÓN'),
(76403, 'CO', 76, 'LA VICTORIA'),
(76497, 'CO', 76, 'OBANDO'),
(76520, 'CO', 76, 'PALMIRA'),
(76563, 'CO', 76, 'PRADERA'),
(76606, 'CO', 76, 'RESTREPO'),
(76616, 'CO', 76, 'RIOFRÍO'),
(76622, 'CO', 76, 'ROLDANILLO'),
(76670, 'CO', 76, 'SAN PEDRO'),
(76736, 'CO', 76, 'SEVILLA'),
(76823, 'CO', 76, 'TORO'),
(76828, 'CO', 76, 'TRUJILLO'),
(76834, 'CO', 76, 'TULUÁ'),
(76845, 'CO', 76, 'ULLOA'),
(76863, 'CO', 76, 'VERSALLES'),
(76869, 'CO', 76, 'VIJES'),
(76890, 'CO', 76, 'YOTOCO'),
(76892, 'CO', 76, 'YUMBO'),
(76895, 'CO', 76, 'ZARZAL'),
(81001, 'CO', 81, 'ARAUCA'),
(81065, 'CO', 81, 'ARAUQUITA'),
(81220, 'CO', 81, 'CRAVO NORTE'),
(81300, 'CO', 81, 'FORTUL'),
(81591, 'CO', 81, 'PUERTO RONDÓN'),
(81736, 'CO', 81, 'SARAVENA'),
(81794, 'CO', 81, 'TAME'),
(85001, 'CO', 85, 'YOPAL'),
(85010, 'CO', 85, 'AGUAZUL'),
(85015, 'CO', 85, 'CHAMEZA'),
(85125, 'CO', 85, 'HATO COROZAL'),
(85136, 'CO', 85, 'LA SALINA'),
(85139, 'CO', 85, 'MANÍ'),
(85162, 'CO', 85, 'MONTERREY'),
(85225, 'CO', 85, 'NUNCHÍA'),
(85230, 'CO', 85, 'OROCUÉ'),
(85250, 'CO', 85, 'PAZ DE ARIPORO'),
(85263, 'CO', 85, 'PORE'),
(85279, 'CO', 85, 'RECETOR'),
(85300, 'CO', 85, 'SABANALARGA'),
(85315, 'CO', 85, 'SÁCAMA'),
(85325, 'CO', 85, 'SAN LUIS DE PALENQUE'),
(85400, 'CO', 85, 'TÁMARA'),
(85410, 'CO', 85, 'TAURAMENA'),
(85430, 'CO', 85, 'TRINIDAD'),
(85440, 'CO', 85, 'VILLANUEVA'),
(86001, 'CO', 86, 'MOCOA'),
(86219, 'CO', 86, 'COLÓN'),
(86320, 'CO', 86, 'ORITO'),
(86568, 'CO', 86, 'PUERTO ASÍS'),
(86569, 'CO', 86, 'PUERTO CAICEDO'),
(86571, 'CO', 86, 'PUERTO GUZMÁN'),
(86573, 'CO', 86, 'PUERTO LEGUÍZAMO'),
(86749, 'CO', 86, 'SIBUNDOY'),
(86755, 'CO', 86, 'SAN FRANCISCO'),
(86757, 'CO', 86, 'SAN MIGUEL'),
(86760, 'CO', 86, 'SANTIAGO'),
(86865, 'CO', 86, 'VALLE DEL GUAMUEZ'),
(86885, 'CO', 86, 'VILLAGARZÓN'),
(88001, 'CO', 88, 'SAN ANDRÉS'),
(88564, 'CO', 88, 'PROVIDENCIA'),
(91001, 'CO', 91, 'LETICIA'),
(91263, 'CO', 91, 'EL ENCANTO'),
(91405, 'CO', 91, 'LA CHORRERA'),
(91407, 'CO', 91, 'LA PEDRERA'),
(91430, 'CO', 91, 'LA VICTORIA'),
(91460, 'CO', 91, 'MIRITI - PARANÁ'),
(91530, 'CO', 91, 'PUERTO ALEGRÍA'),
(91536, 'CO', 91, 'PUERTO ARICA'),
(91540, 'CO', 91, 'PUERTO NARIÑO'),
(91669, 'CO', 91, 'PUERTO SANTANDER'),
(91798, 'CO', 91, 'TARAPACÁ'),
(94001, 'CO', 94, 'INÍRIDA'),
(94343, 'CO', 94, 'BARRANCO MINAS'),
(94663, 'CO', 94, 'MAPIRIPANA'),
(94883, 'CO', 94, 'SAN FELIPE'),
(94884, 'CO', 94, 'PUERTO COLOMBIA'),
(94885, 'CO', 94, 'LA GUADALUPE'),
(94886, 'CO', 94, 'CACAHUAL'),
(94887, 'CO', 94, 'PANA PANA'),
(94888, 'CO', 94, 'MORICHAL'),
(95001, 'CO', 95, 'SAN JOSÉ DEL GUAVIARE'),
(95015, 'CO', 95, 'CALAMAR'),
(95025, 'CO', 95, 'EL RETORNO'),
(95200, 'CO', 95, 'MIRAFLORES'),
(97001, 'CO', 97, 'MITÚ'),
(97161, 'CO', 97, 'CARURU'),
(97511, 'CO', 97, 'PACOA'),
(97666, 'CO', 97, 'TARAIRA'),
(97777, 'CO', 97, 'PAPUNAUA'),
(97889, 'CO', 97, 'YAVARATÉ'),
(99001, 'CO', 99, 'PUERTO CARREÑO'),
(99524, 'CO', 99, 'LA PRIMAVERA'),
(99624, 'CO', 99, 'SANTA ROSALÍA'),
(99773, 'CO', 99, 'CUMARIBO'),
(110111, 'CO', 11, 'USAQUÉN'),
(110211, 'CO', 11, 'CHAPINERO'),
(110311, 'CO', 11, 'SANTA FE'),
(110411, 'CO', 11, 'SAN CRISTÓBAL'),
(110511, 'CO', 11, 'USME'),
(110611, 'CO', 11, 'TUNJUELITO'),
(110711, 'CO', 11, 'BOSA'),
(110811, 'CO', 11, 'KENNEDY'),
(110911, 'CO', 11, 'FONTIBÓN'),
(111011, 'CO', 11, 'ENGATIVÁ'),
(111111, 'CO', 11, 'SUBA'),
(111211, 'CO', 11, 'BARRIOS UNIDOS'),
(111311, 'CO', 11, 'TEUSAQUILLO'),
(111411, 'CO', 11, 'LOS MÁRTIRES'),
(111511, 'CO', 11, 'ANTONIO NARIÑO'),
(111611, 'CO', 11, 'PUENTE ARANDA'),
(111711, 'CO', 11, 'LA CALENDARIA'),
(111811, 'CO', 11, 'RAFAEL URIBE URIBE'),
(111911, 'CO', 11, 'CIUDAD BOLIVAR'),
(112011, 'CO', 11, 'SUMAPAZ');

-- --------------------------------------------------------

--
-- Estructura de tabla para la tabla `departments`
--

CREATE TABLE `departments` (
  `id_department` int(11) NOT NULL,
  `country` varchar(3) NOT NULL,
  `department` varchar(50) NOT NULL
) ENGINE=InnoDB DEFAULT CHARSET=utf8mb4;

--
-- Volcado de datos para la tabla `departments`
--

INSERT INTO `departments` (`id_department`, `country`, `department`) VALUES
(5, 'CO', 'ANTIOQUIA'),
(8, 'CO', 'ATLÁNTICO'),
(11, 'CO', 'BOGOTÁ'),
(13, 'CO', 'BOLÍVAR'),
(15, 'CO', 'BOYACÁ'),
(17, 'CO', 'CALDAS'),
(18, 'CO', 'CAQUETÁ'),
(19, 'CO', 'CAUCA'),
(20, 'CO', 'CESAR'),
(23, 'CO', 'CÓRDOBA'),
(25, 'CO', 'CUNDINAMARCA'),
(27, 'CO', 'CHOCÓ'),
(41, 'CO', 'HUILA'),
(44, 'CO', 'LA GUAJIRA'),
(47, 'CO', 'MAGDALENA'),
(50, 'CO', 'META'),
(52, 'CO', 'NARIÑO'),
(54, 'CO', 'NORTE DE SANTANDER'),
(63, 'CO', 'QUINDIO'),
(66, 'CO', 'RISARALDA'),
(68, 'CO', 'SANTANDER'),
(70, 'CO', 'SUCRE'),
(73, 'CO', 'TOLIMA'),
(76, 'CO', 'VALLE DEL CAUCA'),
(81, 'CO', 'ARAUCA'),
(85, 'CO', 'CASANARE'),
(86, 'CO', 'PUTUMAYO'),
(88, 'CO', 'SAN ANDRÉS'),
(91, 'CO', 'AMAZONAS'),
(94, 'CO', 'GUAINÍA'),
(95, 'CO', 'GUAVIARE'),
(97, 'CO', 'VAUPÉS'),
(99, 'CO', 'VICHADA'),
(101, 'CO', 'Nuevo Depto');

-- --------------------------------------------------------

--
-- Estructura de tabla para la tabla `login_user`
--

CREATE TABLE `login_user` (
  `id_user` int(11) NOT NULL,
  `username` varchar(50) NOT NULL,
  `password` varchar(50) NOT NULL,
  `status_login` int(11) NOT NULL DEFAULT 1
) ENGINE=InnoDB DEFAULT CHARSET=utf8mb4;

--
-- Volcado de datos para la tabla `login_user`
--

INSERT INTO `login_user` (`id_user`, `username`, `password`, `status_login`) VALUES
(2, 'danielw', '123456', 1);

-- --------------------------------------------------------

--
-- Estructura de tabla para la tabla `polling_places`
--

CREATE TABLE `polling_places` (
  `id_place` int(11) NOT NULL,
  `name_place` varchar(50) NOT NULL,
  `address_show` varchar(100) NOT NULL,
  `latitude` varchar(50) NOT NULL,
  `lenght` varchar(50) NOT NULL,
  `id_city` int(11) NOT NULL
) ENGINE=InnoDB DEFAULT CHARSET=utf8mb4;

--
-- Volcado de datos para la tabla `polling_places`
--

INSERT INTO `polling_places` (`id_place`, `name_place`, `address_show`, `latitude`, `lenght`, `id_city`) VALUES
(3, 'Corferias', 'Cra. 107a #76-23, Bogotá, Colombia', '4.7117851', '-74.12027979999999', 11001),
(4, 'Corferias', 'Cáceres‎, Cáceres, Spain', '39.4752765', '-6.3724247', 5120),
(5, 'Corferias', 'Cáceres‎, Cáceres, Spain', '39.4752765', '-6.3724247', 5120),
(6, 'Corferias', 'Cra. 107a #76-23, Bogotá, Colombia', '4.7117851', '-74.12027979999999', 11001),
(7, 'Un lugar', 'Cra. 7 #156-80, Bogotá, Colombia', '4.7327913', '-74.0235126', 11001);

-- --------------------------------------------------------

--
-- Estructura de tabla para la tabla `profiles`
--

CREATE TABLE `profiles` (
  `id_profile` int(11) NOT NULL,
  `description` varchar(25) NOT NULL
) ENGINE=InnoDB DEFAULT CHARSET=utf8mb4;

--
-- Volcado de datos para la tabla `profiles`
--

INSERT INTO `profiles` (`id_profile`, `description`) VALUES
(1, 'Administrador'),
(2, 'Lider');

-- --------------------------------------------------------

--
-- Estructura de tabla para la tabla `users`
--

CREATE TABLE `users` (
  `id_user` int(11) NOT NULL,
  `names` varchar(50) NOT NULL,
  `last_names` varchar(50) NOT NULL,
  `document` varchar(50) NOT NULL,
  `phone` varchar(15) NOT NULL,
  `address_show` varchar(100) NOT NULL,
  `latitude` varchar(50) NOT NULL,
  `lenght` varchar(50) NOT NULL,
  `id_city` int(11) NOT NULL,
  `id_profile` int(11) NOT NULL,
  `status_user` int(11) NOT NULL DEFAULT 1
) ENGINE=InnoDB DEFAULT CHARSET=utf8mb4;

--
-- Volcado de datos para la tabla `users`
--

INSERT INTO `users` (`id_user`, `names`, `last_names`, `document`, `phone`, `address_show`, `latitude`, `lenght`, `id_city`, `id_profile`, `status_user`) VALUES
(3, 'Sergio Daniel', 'Wilches Gomez', '44235426423', '31145331699', 'Cra. 107a #76-23, Bogotá, Colombia', '4.7117851', '-74.12027979999999', 11001, 2, 1);

-- --------------------------------------------------------

--
-- Estructura de tabla para la tabla `voters`
--

CREATE TABLE `voters` (
  `id_voter` int(11) NOT NULL,
  `names` varchar(50) NOT NULL,
  `last_names` varchar(50) NOT NULL,
  `document` varchar(50) NOT NULL,
  `phone` varchar(15) NOT NULL,
  `address_show` varchar(50) NOT NULL,
  `latitude` varchar(50) NOT NULL,
  `lenght` varchar(50) NOT NULL,
  `id_city` int(11) NOT NULL,
  `id_place` int(11) NOT NULL,
  `id_leader` int(11) NOT NULL,
  `voting_table` varchar(10) NOT NULL
) ENGINE=InnoDB DEFAULT CHARSET=utf8mb4;

--
-- Volcado de datos para la tabla `voters`
--

INSERT INTO `voters` (`id_voter`, `names`, `last_names`, `document`, `phone`, `address_show`, `latitude`, `lenght`, `id_city`, `id_place`, `id_leader`, `voting_table`) VALUES
(3, 'Sergio Daniel', 'Wilches Gomez', '126438943', '3114533169', 'Cra. 107a #76-23, Bogotá, Colombia', '4.7117851', '-74.12027979999999', 11001, 6, 3, 'Mesa 8');

--
-- Índices para tablas volcadas
--

--
-- Indices de la tabla `citys`
--
ALTER TABLE `citys`
  ADD PRIMARY KEY (`id_city`),
  ADD KEY `city_to_department` (`id_department`);

--
-- Indices de la tabla `departments`
--
ALTER TABLE `departments`
  ADD PRIMARY KEY (`id_department`);

--
-- Indices de la tabla `login_user`
--
ALTER TABLE `login_user`
  ADD PRIMARY KEY (`id_user`);

--
-- Indices de la tabla `polling_places`
--
ALTER TABLE `polling_places`
  ADD PRIMARY KEY (`id_place`),
  ADD KEY `place_to_city` (`id_city`);

--
-- Indices de la tabla `profiles`
--
ALTER TABLE `profiles`
  ADD PRIMARY KEY (`id_profile`);

--
-- Indices de la tabla `users`
--
ALTER TABLE `users`
  ADD PRIMARY KEY (`id_user`),
  ADD UNIQUE KEY `document` (`document`),
  ADD KEY `user_to_city` (`id_city`),
  ADD KEY `user_to_profile` (`id_profile`);

--
-- Indices de la tabla `voters`
--
ALTER TABLE `voters`
  ADD PRIMARY KEY (`id_voter`),
  ADD KEY `voter_to_city` (`id_city`),
  ADD KEY `voter_to_place` (`id_place`),
  ADD KEY `voter_to_user` (`id_leader`);

--
-- AUTO_INCREMENT de las tablas volcadas
--

--
-- AUTO_INCREMENT de la tabla `polling_places`
--
ALTER TABLE `polling_places`
  MODIFY `id_place` int(11) NOT NULL AUTO_INCREMENT, AUTO_INCREMENT=8;

--
-- AUTO_INCREMENT de la tabla `profiles`
--
ALTER TABLE `profiles`
  MODIFY `id_profile` int(11) NOT NULL AUTO_INCREMENT, AUTO_INCREMENT=3;

--
-- AUTO_INCREMENT de la tabla `users`
--
ALTER TABLE `users`
  MODIFY `id_user` int(11) NOT NULL AUTO_INCREMENT, AUTO_INCREMENT=4;

--
-- AUTO_INCREMENT de la tabla `voters`
--
ALTER TABLE `voters`
  MODIFY `id_voter` int(11) NOT NULL AUTO_INCREMENT, AUTO_INCREMENT=4;

--
-- Restricciones para tablas volcadas
--

--
-- Filtros para la tabla `citys`
--
ALTER TABLE `citys`
  ADD CONSTRAINT `city_to_department` FOREIGN KEY (`id_department`) REFERENCES `departments` (`id_department`) ON DELETE CASCADE ON UPDATE CASCADE;

--
-- Filtros para la tabla `polling_places`
--
ALTER TABLE `polling_places`
  ADD CONSTRAINT `place_to_city` FOREIGN KEY (`id_city`) REFERENCES `citys` (`id_city`) ON DELETE CASCADE ON UPDATE CASCADE;

--
-- Filtros para la tabla `users`
--
ALTER TABLE `users`
  ADD CONSTRAINT `user_to_city` FOREIGN KEY (`id_city`) REFERENCES `citys` (`id_city`) ON DELETE CASCADE ON UPDATE CASCADE,
  ADD CONSTRAINT `user_to_profile` FOREIGN KEY (`id_profile`) REFERENCES `profiles` (`id_profile`) ON DELETE CASCADE ON UPDATE CASCADE;

--
-- Filtros para la tabla `voters`
--
ALTER TABLE `voters`
  ADD CONSTRAINT `voter_to_city` FOREIGN KEY (`id_city`) REFERENCES `citys` (`id_city`) ON DELETE CASCADE ON UPDATE CASCADE,
  ADD CONSTRAINT `voter_to_place` FOREIGN KEY (`id_place`) REFERENCES `polling_places` (`id_place`) ON DELETE CASCADE ON UPDATE CASCADE,
  ADD CONSTRAINT `voter_to_user` FOREIGN KEY (`id_leader`) REFERENCES `users` (`id_user`) ON DELETE CASCADE ON UPDATE CASCADE;
COMMIT;

/*!40101 SET CHARACTER_SET_CLIENT=@OLD_CHARACTER_SET_CLIENT */;
/*!40101 SET CHARACTER_SET_RESULTS=@OLD_CHARACTER_SET_RESULTS */;
/*!40101 SET COLLATION_CONNECTION=@OLD_COLLATION_CONNECTION */;
